journal1,journal2,weight
Nature,PNAS,7449
Nature,Science,6180
Journal of Biological Chemistry,PNAS,6146
PNAS,Science,4928
Journal of Biological Chemistry,Nature,4157
Genome Res,PNAS,3909
Cell,PNAS,3303
Cell,Nature,3230
LPSN,wwwuniprotorg,2781
Cell,Journal of Biological Chemistry,2702
Biochemical and Biophysical Research Communications,Journal of Biological Chemistry,2667
Genomics,PNAS,2632
Nat Genet,PNAS,2466
Genomics,Journal of Biological Chemistry,2424
Genome Res,Journal of Biological Chemistry,2365
International Journal of Systematic and Evolutionary Microbiology,LPSN,2312
Genome Res,Nature,2306
Biochemical and Biophysical Research Communications,PNAS,2304
Journal of Biological Chemistry,Science,2285
PLoS ONE,PNAS,2269
Nature,PLoS ONE,2261
International Journal of Systematic and Evolutionary Microbiology,wwwuniprotorg,2180
Genome Res,Nat Genet,2036
PLoS ONE,Science,2035
Gene,PNAS,1965
Cell,Science,1915
Biochemistry,Journal of Biological Chemistry,1686
Gene,Journal of Biological Chemistry,1674
Genomics,Nature,1627
LPSN,The NamesforLife Abstracts,1623
Journal of Biological Chemistry,The Biochemical Journal,1600
Biochemical and Biophysical Research Communications,Nature,1555
The NamesforLife Abstracts,wwwuniprotorg,1514
International Journal of Systematic and Evolutionary Microbiology,The NamesforLife Abstracts,1487
Journal of Biological Chemistry,Nat Genet,1463
Nat Genet,Nature,1435
LPSN,wwwdsmzde,1395
wwwdsmzde,wwwuniprotorg,1369
Biochemistry,PNAS,1324
Journal of Biological Chemistry,Oncogene,1291
Gene,Nature,1277
Genome Res,Genomics,1270
PNAS,The Biochemical Journal,1266
Oncogene,PNAS,1223
Mol Cell Biol,PNAS,1152
Journal of Biological Chemistry,Mol Cell Biol,1119
Cell,Genome Res,1102
Nature,Nature Communications,1081
International Journal of Systematic and Evolutionary Microbiology,wwwdsmzde,1065
EMBO J,PNAS,1062
Gene,Genome Res,1057
EMBO J,Journal of Biological Chemistry,1053
Astronomy and Astrophysics,The Astrophysical Journal,1020
Cell,Genomics,1006
Biochemical and Biophysical Research Communications,Genomics,1002
Current Biology,Nature,999
Biochemical and Biophysical Research Communications,Cell,998
Monthly Notices of the Royal Astronomical Society,The Astrophysical Journal,994
Journal of Biological Chemistry,PLoS ONE,984
FEBS Lett,Journal of Biological Chemistry,982
Nucleic Acids Res,PNAS,974
FEBS Lett,PNAS,951
Nature Communications,Science,936
FEBS Letters,Journal of Biological Chemistry,932
Nucleic Acids Research,PNAS,919
Astronomy and Astrophysics,Monthly Notices of the Royal Astronomical Society,916
Biochemical and Biophysical Research Communications,Genome Res,913
Journal of Biological Chemistry,Molecular and Cellular Biology,911
Journal of Biological Chemistry,The EMBO Journal,910
Current Biology,PNAS,898
Biochimica et Biophysica Acta,Journal of Biological Chemistry,893
Blood,Journal of Biological Chemistry,881
Nature,Scientific Reports,871
The Astronomical Journal,The Astrophysical Journal,869
Nature,Oncogene,868
LPSN,wwwstraininfonet,861
Blood,PNAS,853
Nature Communications,PNAS,847
Biochemistry,Nature,846
Current Biology,Science,842
Biochim Biophys Acta,Journal of Biological Chemistry,831
wwwstraininfonet,wwwuniprotorg,827
Gene,Genomics,824
DNA Res,PNAS,806
PNAS,Scientific Reports,802
Science,Scientific Reports,802
PNAS,The EMBO Journal,793
Mol Cell Biol,Nature,789
Cell,Nat Genet,778
Cell,Gene,775
Astronomy and Astrophysics,The Astronomical Journal,767
EMBO J,Nature,766
Nature,The Biochemical Journal,766
Genome Research,PNAS,755
Cell,Oncogene,751
Biochemical and Biophysical Research Communications,Science,751
Molecular and Cellular Biology,PNAS,749
Biochemical and Biophysical Research Communications,Gene,746
The NamesforLife Abstracts,wwwdsmzde,736
Nature,The EMBO Journal,735
Nature Genetics,PNAS,734
Cell,PLoS ONE,734
Genomics,Nat Genet,724
Nature,Nature Genetics,720
PLoS ONE,Scientific Reports,717
Nature,Nucleic Acids Research,715
Biochim Biophys Acta,PNAS,713
Genome Research,Nature,711
Journal of Biological Chemistry,Nucleic Acids Research,710
Astronomy  Astrophysics,Astronomy and Astrophysics,709
DNA Res,Genome Res,706
Monthly Notices of the Royal Astronomical Society,The Astronomical Journal,689
Journal of Biological Chemistry,Nucleic Acids Res,689
FEBS Letters,PNAS,686
Nature,Physical Review Letters,684
Genome Research,Journal of Biological Chemistry,683
Astronomy  Astrophysics,The Astrophysical Journal,680
BMJ,Lancet,679
wwwdsmzde,wwwstraininfonet,676
Genome Res,Nucleic Acids Res,672
Genomics,Science,671
J Cell Biol,PNAS,668
Lancet,Nature,664
Gene,Nat Genet,663
Nature,Nucleic Acids Res,663
Nature,Neuron,654
Cell,The EMBO Journal,651
Neuron,PNAS,641
International Journal of Systematic and Evolutionary Microbiology,wwwstraininfonet,635
Astronomy  Astrophysics,Monthly Notices of the Royal Astronomical Society,629
Biochemical and Biophysical Research Communications,The Biochemical Journal,626
Genome Res,Mol Cell Biol,625
J Cell Biol,Journal of Biological Chemistry,622
Cell,Molecular and Cellular Biology,620
Current Biology,PLoS ONE,620
Molecular and Cellular Biology,Nature,615
Blood,Nature,613
Journal of Molecular Biology,PNAS,607
Journal of Biological Chemistry,Nature Genetics,605
Journal of Biological Chemistry,Journal of Molecular Biology,601
Biochimica et Biophysica Acta,PNAS,599
Nature,The Astrophysical Journal,593
Hum Mol Genet,PNAS,581
Cell,EMBO J,581
Biochemistry,Science,577
Cell,Mol Cell Biol,576
EMBO J,Mol Cell Biol,571
Biochemical and Biophysical Research Communications,Biochemistry,570
Biochemical and Biophysical Research Communications,Nat Genet,566
Lancet,Science,566
J Mol Biol,PNAS,564
Gene,Science,563
Cell,Nucleic Acids Research,562
Biochemical and Biophysical Research Communications,Oncogene,558
EMBO J,Genome Res,553
Journal of Biological Chemistry,The Journal of Cell Biology,552
Nature Genetics,Science,552
Am J Hum Genet,PNAS,549
Physical Review Letters,Science,543
FEBS Lett,Genome Res,543
FEBS Lett,Nature,542
FEBS Letters,Nature,539
Cancer Res,PNAS,538
Journal of Molecular Biology,Nature,534
Genome Res,Science,532
Cancer Res,Journal of Biological Chemistry,529
Nat Biotechnol,PNAS,527
JAMA,Lancet,526
Genomics,The Biochemical Journal,520
Nucleic Acids Research,Science,520
Journal of Biological Chemistry,Molecular Cell,519
Nature Communications,PLoS ONE,516
Curr Biol,PNAS,512
American Journal of Human Genetics,PNAS,509
Journal of Vertebrate Paleontology,PLoS ONE,508
Cancer Research,Journal of Biological Chemistry,505
Molecular Cell,Nature,504
Neuron,Science,504
Science,The EMBO Journal,501
Oncogene,Science,501
Lancet,The Cochrane Database of Systematic Reviews,500
Cell,The Biochemical Journal,500
Journal of the American Chemical Society,Science,498
Molecular Cell,PNAS,498
Human Molecular Genetics,Journal of Biological Chemistry,497
Genes  Development,PNAS,496
Astronomy  Astrophysics,The Astronomical Journal,495
DNA Res,Nat Genet,495
Genes Dev,PNAS,494
Cell,Genome Research,493
Cell,Molecular Cell,491
Biochimica et Biophysica Acta,Nature,490
Lancet,The New England Journal of Medicine,490
Genome Research,Science,489
J Mol Biol,Journal of Biological Chemistry,488
Mol Cell,PNAS,487
DNA Res,Journal of Biological Chemistry,486
Genomics,Mol Cell Biol,484
PNAS,The Journal of Cell Biology,484
Hum Mol Genet,Journal of Biological Chemistry,483
Cancer Research,PNAS,483
Genomics,Oncogene,482
Eur J Biochem,Journal of Biological Chemistry,479
Journal of Biological Chemistry,Mol Cell,479
Human Molecular Genetics,PNAS,475
Nature,Scientific American,475
The NamesforLife Abstracts,wwwstraininfonet,474
Lancet,PLoS ONE,474
Journal of the American Chemical Society,Nature,473
PNAS,Proc Natl Acad Sci U S A,473
Lancet,PNAS,473
Cell,Genes  Development,470
Molecular and Cellular Biology,The EMBO Journal,469
Genes  Development,Nature,468
Cell,Nature Genetics,466
J Cell Sci,PNAS,460
Genes  Development,Journal of Biological Chemistry,460
Biochemistry,Cell,459
Genome Res,Oncogene,458
Science,The Biochemical Journal,456
Nature,Proceedings of the Royal Society B Biological Sciences,456
Molecular Biology and Evolution,PNAS,456
DNA Res,Nature,456
Journal of Biological Chemistry,Neuron,452
Mol Biol Cell,PNAS,451
Nat Genet,Science,450
Biochemistry,Genomics,449
Genetics,PNAS,448
Science,Scientific American,446
J Cell Biol,Nature,445
J Immunol,PNAS,444
Genetics,Nature,443
Biochemistry,The Biochemical Journal,440
J Cell Sci,Journal of Biological Chemistry,439
Curr Biol,Nature,437
Biochemical and Biophysical Research Communications,PLoS ONE,436
Journal of Biological Chemistry,Journal of Immunology,435
Biochemical and Biophysical Research Communications,FEBS Lett,434
Molecular and Cellular Biology,Science,432
American Journal of Human Genetics,Journal of Biological Chemistry,431
J Immunol,Journal of Biological Chemistry,431
Biochim Biophys Acta,Nature,430
Genome Res,Nat Biotechnol,429
Eur J Biochem,PNAS,426
American Journal of Human Genetics,Nature,426
Genes Dev,Journal of Biological Chemistry,423
Cell,Current Biology,421
Journal of Biological Chemistry,Journal of Cell Science,420
PNAS,The Journal of Neuroscience,420
EMBO J,Genomics,420
Mol Cell Biol,Nat Genet,419
Molecular Biology and Evolution,Nature,415
Biochemical and Biophysical Research Communications,FEBS Letters,414
FEBS Lett,Genomics,413
Genetics,Science,413
Journal of Biological Chemistry,The Journal of Clinical Investigation,410
Mol Cell Biol,Oncogene,409
Journal of Molecular Biology,Science,408
Nat Genet,Nucleic Acids Res,408
Nature,The Journal of Cell Biology,407
Nature,The Journal of Neuroscience,407
Cytogenet Cell Genet,PNAS,405
Genome Res,The Biochemical Journal,405
Molecular Biology and Evolution,Science,403
Journal of Immunology,PNAS,403
Cell,Neuron,401
Nature,Proc Natl Acad Sci U S A,401
BMJ,JAMA,400
Gene,The Biochemical Journal,400
Cell,The Journal of Cell Biology,400
Am J Hum Genet,Journal of Biological Chemistry,398
Proceedings of the Royal Society B Biological Sciences,Science,398
Mol Cell,Nature,397
Blood,Cell,397
Biochim Biophys Acta,Genome Res,396
EMBO J,Science,396
Journal of Vertebrate Paleontology,Nature,396
Journal of Biological Chemistry,Structure,395
PNAS,Structure,393
Mol Cell Biol,Science,393
Development,PNAS,391
Cancer Research,Nature,391
Nature,Nature Biotechnology,391
Cell,FEBS Letters,389
Human Molecular Genetics,Nature,389
Biochemical and Biophysical Research Communications,Mol Cell Biol,388
Monthly Notices of the Royal Astronomical Society,Nature,388
Current Biology,Journal of Biological Chemistry,387
Genome Res,Hum Mol Genet,384
Journal of Biological Chemistry,Mol Biol Cell,383
Lancet,New England Journal of Medicine,383
Biochemical and Biophysical Research Communications,Blood,382
Nature,Nature Medicine,382
FEBS Letters,Science,380
Science,The Astrophysical Journal,380
Cytogenet Cell Genet,Journal of Biological Chemistry,380
Genome Res,J Cell Biol,380
Journal of the American Chemical Society,PNAS,379
Genome Biology,Nature,378
Genome Research,Nucleic Acids Research,377
Journal of Virology,PNAS,376
Mol Syst Biol,PNAS,375
PLoS ONE,Proceedings of the Royal Society B Biological Sciences,375
J Mol Biol,Nature,375
Cell,Nucleic Acids Res,374
PNAS,The Journal of Clinical Investigation,373
Development,Nature,372
Genes  Development,Science,372
Hum Mol Genet,Nat Genet,372
Gene,Oncogene,372
Acta Ophthalmologica,Nature,372
Nature,The New England Journal of Medicine,371
PNAS,Proceedings of the Royal Society B Biological Sciences,370
Molecular and Cellular Biology,Nucleic Acids Research,370
Blood,Science,370
BMJ,The Cochrane Database of Systematic Reviews,369
Curr Biol,Journal of Biological Chemistry,369
Genes Dev,Nature,369
Cancer Res,Nature,368
Molecular Cell,Science,368
Entertainment Weekly,Rolling Stone,368
Acta Ophthalmologica,Cell,366
Nat Biotechnol,Nature,365
Hum Genet,PNAS,365
Nature Biotechnology,PNAS,364
Biochimica et Biophysica Acta,Science,363
Nature Communications,Scientific Reports,362
Geophysical Research Letters,Science,362
Geophysical Research Letters,Nature,360
Journal of Geophysical Research,Science,360
Astronomy Letters,Astronomy and Astrophysics,359
PNAS,The New England Journal of Medicine,358
Biochemical and Biophysical Research Communications,Biochimica et Biophysica Acta,355
Journal of Vertebrate Paleontology,Zoological Journal of the Linnean Society,354
Cell,Mol Cell,354
Cell,Genes Dev,353
Gene,Mol Cell Biol,352
Science,The New England Journal of Medicine,351
Angewandte Chemie International Edition,Journal of the American Chemical Society,349
Biochemical and Biophysical Research Communications,EMBO J,349
Am J Hum Genet,Nat Genet,348
Nucleic Acids Research,The EMBO Journal,346
Biochemical and Biophysical Research Communications,The EMBO Journal,346
Nucleic Acids Res,Science,346
EMBO J,Nat Genet,345
Journal of Biological Chemistry,Molecular Biology of the Cell,345
Journal of Geophysical Research,Nature,344
Journal of Cell Science,PNAS,344
Genome Research,Genomics,344
Cell,J Cell Biol,342
American Journal of Human Genetics,Science,340
FEBS Lett,Nat Genet,340
Physical Review B,Physical Review Letters,338
Molecular and Cellular Biology,Oncogene,338
Biochemical and Biophysical Research Communications,Molecular and Cellular Biology,337
Journal of Biological Chemistry,Proc Natl Acad Sci U S A,337
Biochimica et Biophysica Acta,Cell,335
Astrophysical Journal,The Astrophysical Journal,334
Journal of Biological Chemistry,Nat Biotechnol,334
Geology,Nature,333
Journal of Vertebrate Paleontology,Palaeontology,333
Icarus,Science,332
Nucleic Acids Research,PLoS ONE,331
Journal of Immunology,Nature,331
Biochemistry,Gene,331
Nature Genetics,PLoS ONE,330
Genome Biol,Nature,330
Geology,Science,330
Hum Mol Genet,Nature,329
Acta Palaeontologica Polonica,Journal of Vertebrate Paleontology,326
Science,The Journal of Neuroscience,326
BMC Evolutionary Biology,Nature,326
BMC Evolutionary Biology,PLoS ONE,325
Nature Medicine,PNAS,325
Journal of Molecular Biology,Nucleic Acids Research,324
Am J Hum Genet,Nature,323
Journal of Bacteriology,PNAS,323
Journal of Virology,Nature,323
Genome Res,Mol Biol Cell,323
Cell,Journal of Molecular Biology,322
Nat Genet,Oncogene,322
Nat Cell Biol,PNAS,321
Nature,Nature Neuroscience,321
Mol Cell Biol,Nucleic Acids Res,321
BioEssays,PNAS,321
Genome Res,Mol Syst Biol,320
Annals of the New York Academy of Sciences,PNAS,319
Molecular Phylogenetics and Evolution,PLoS ONE,319
BMC Evolutionary Biology,PNAS,319
Molecular Biology and Evolution,PLoS ONE,318
JAMA,The Cochrane Database of Systematic Reviews,318
Cell,Nature Communications,318
PLoS ONE,PeerJ,316
American Journal of Human Genetics,Nature Genetics,316
Mycologia,Mycotaxon,315
PNAS,Virology,315
Genes Dev,Mol Cell Biol,315
Mol Biol Cell,Nature,315
Genomics,Nucleic Acids Res,315
The Cochrane Database of Systematic Reviews,The New England Journal of Medicine,314
Icarus,Nature,314
J Neurosci,PNAS,313
J Cell Sci,Nature,313
EMBO J,Oncogene,312
Gene,Genome Research,312
Nature,The Journal of Clinical Investigation,312
Genomics,Molecular and Cellular Biology,312
EMBO Rep,PNAS,311
Biology Letters,Nature,310
Genome Biology,PNAS,310
J Virol,PNAS,310
Cell,DNA Res,310
Genes  Development,Molecular and Cellular Biology,310
Rolling Stone,Spin,309
Journal of Biological Chemistry,Nature Communications,309
Nature,Nature Reviews Genetics,308
Nature Medicine,Science,308
Biochemical and Biophysical Research Communications,Biochim Biophys Acta,308
Annals of the New York Academy of Sciences,Nature,307
PNAS,Scientific American,307
Nature Biotechnology,Science,307
Cell,FEBS Lett,306
Cell,Human Molecular Genetics,306
JAMA,The New England Journal of Medicine,305
Cell,Development,305
Cancer Research,Science,305
FEBS Letters,Genomics,304
Journal of Vertebrate Paleontology,Science,304
Evolution,Science,304
Am J Hum Genet,Genome Res,304
Nature,PLOS Biology,304
Human Molecular Genetics,Nature Genetics,303
Cancer Research,Cell,302
Journal of Cell Science,Nature,302
J Clin Invest,Journal of Biological Chemistry,301
Q,Rolling Stone,300
Astrophysical Journal,Monthly Notices of the Royal Astronomical Society,300
Science,The Journal of Cell Biology,300
Genome Research,PLoS ONE,299
Biochemistry,Genome Res,299
Human Genetics,PNAS,299
Archives of Biochemistry and Biophysics,Journal of Biological Chemistry,299
Journal of Biological Chemistry,Nature Cell Biology,298
Mol Cell,Mol Cell Biol,298
The Astrophysical Journal,The Astrophysical Journal Letters,298
Evolution,Nature,297
Endocrinology,Journal of Biological Chemistry,297
Blood,Genomics,296
Physical Review D,Physical Review Letters,295
Chemical Reviews,Journal of the American Chemical Society,295
EMBO J,Gene,295
Journal of Biological Chemistry,Nat Cell Biol,294
BMJ,Nature,294
Development,Journal of Biological Chemistry,293
Nature,eLife,293
BioEssays,Nature,293
NME,Rolling Stone,293
Endocrinology,PNAS,292
Genomics,The EMBO Journal,292
BMC Evolutionary Biology,Science,292
J Clin Invest,PNAS,291
Annals of Internal Medicine,Lancet,291
Acta Palaeontologica Polonica,PLoS ONE,291
Biology Letters,Science,290
Curr Biol,Genome Res,290
J Virol,Journal of Biological Chemistry,290
Astronomy and Astrophysics,Astrophysical Journal,290
Earth and Planetary Science Letters,Nature,289
Journal of Biological Chemistry,The Journal of Neuroscience,289
Biochim Biophys Acta,Genomics,289
Journal of Paleontology,Journal of Vertebrate Paleontology,288
EMBO Rep,Genome Res,288
Nature Neuroscience,PNAS,288
Fauna of New Zealand,Transactions and Proceedings of the New Zealand Institute,288
Cancer Res,Genome Res,288
Biology Letters,PLoS ONE,287
Annals of the New York Academy of Sciences,Science,287
Neuron,The Journal of Neuroscience,287
PLoS ONE,Zoological Journal of the Linnean Society,286
Evolution,PNAS,286
Genomics,Hum Mol Genet,285
Biochemistry,Biochimica et Biophysica Acta,285
Nature Cell Biology,PNAS,284
Nature,Nature Reviews Molecular Cell Biology,283
FEBS Lett,Gene,283
Cell,Genome Biology,283
Molecular Cell,Molecular and Cellular Biology,283
Journal of Biological Chemistry,Journal of Virology,283
BioEssays,Science,283
Nature Reviews Genetics,Science,283
American Journal of Human Genetics,PLoS ONE,282
Nature,Nature Cell Biology,281
Biochemistry,FEBS Letters,281
FEBS Lett,The Biochemical Journal,280
Genome Res,J Cell Sci,279
Exp Cell Res,PNAS,279
Astronomy and Astrophysics,Nature,279
Genomics,Nature Genetics,279
Journal of Bacteriology,Journal of Biological Chemistry,278
BMC Genomics,PNAS,277
Gene,Nucleic Acids Res,277
Journal of Mammalogy,Mammalian Species,277
Journal of Biological Chemistry,Mol Syst Biol,276
Cochrane Database of Systematic Reviews,The Cochrane Database of Systematic Reviews,276
Arch Biochem Biophys,Journal of Biological Chemistry,276
J Neurosci,Journal of Biological Chemistry,276
Lancet,N Engl J Med,275
BMJ,PLoS ONE,275
Cell,Curr Biol,275
Nature Neuroscience,Science,275
Astronomy and Astrophysics,CDSADC Collection of Electronic Catalogues,274
PLOS Biology,Science,274
Molecular Cell,The EMBO Journal,274
Development,Science,273
Biochemical and Biophysical Research Communications,Genome Research,273
PNAS,eLife,273
JAMA,Nature,273
Nat Genet,The Biochemical Journal,272
Immunity,PNAS,272
EMBO J,FEBS Lett,272
EMBO J,Nucleic Acids Res,272
EMBO J,Mol Cell,272
Cell,Nature Cell Biology,272
Publications of the Astronomical Society of the Pacific,The Astrophysical Journal,271
PLoS ONE,The New England Journal of Medicine,271
Nature Reviews Genetics,PNAS,271
Oncogene,The Biochemical Journal,271
Journal of Systematic Palaeontology,Journal of Vertebrate Paleontology,270
Molecular Biology of the Cell,PNAS,270
Gene,PLoS ONE,270
Journal of Virology,Science,270
Biochimica et Biophysica Acta,FEBS Letters,270
Biochemistry,PLoS ONE,269
FEBS Letters,The EMBO Journal,269
Cell,Journal of Cell Science,269
Genome Res,Proc Natl Acad Sci U S A,269
Genome Research,Nature Genetics,269
Human Genetics,Journal of Biological Chemistry,268
Human Molecular Genetics,Science,268
Science,eLife,268
Cell,Nat Biotechnol,268
PLOS Biology,PNAS,267
J Immunol,Nature,267
Nature,Structure,267
Nature,Proceedings of the Royal Society B,266
Biology Letters,PNAS,266
PLoS ONE,Zootaxa,266
JAMA,Science,266
Hum Genet,Journal of Biological Chemistry,265
Blood,Oncogene,265
BMJ,The New England Journal of Medicine,265
Genome Res,J Mol Biol,265
Molecular Phylogenetics and Evolution,PNAS,264
Cancer Research,Oncogene,264
Journal of Paleontology,Palaeontology,264
Nature,Nature Reviews Neuroscience,262
Journal of Personality and Social Psychology,Psychological Bulletin,261
Molecular Biology of the Cell,Nature,261
European Journal of Biochemistry,Journal of Biological Chemistry,261
Biochemistry,Journal of Molecular Biology,261
Human Genetics,Nature,260
Physical Review,Physical Review Letters,260
Nat Biotechnol,Nat Genet,260
Genome Res,Mol Cell,260
Nature,Science Advances,259
FASEB Journal,Journal of Biological Chemistry,259
Animal Behaviour,Behavioral Ecology and Sociobiology,259
Science,Science Advances,258
Earth and Planetary Science Letters,Science,258
Journal of Biological Chemistry,Scientific Reports,257
Physical Review Letters,Reviews of Modern Physics,257
Astronomy  Astrophysics,Nature,257
Cell,J Mol Biol,257
Billboard,Rolling Stone,257
Cancer Res,Oncogene,257
Biographical Memoirs of Fellows of the Royal Society,Nature,257
Cell,Nature Reviews Molecular Cell Biology,257
Animal Behaviour,Nature,257
Nature,The Astronomical Journal,256
Biochemical and Biophysical Research Communications,Nature Genetics,255
J Neurosci,Nature,255
Current Biology,Nature Communications,255
Nature,Palaeontology,254
The EMBO Journal,The Journal of Cell Biology,254
Exp Cell Res,Journal of Biological Chemistry,254
Cretaceous Research,PLoS ONE,254
FEBS Lett,Mol Cell Biol,254
J Am Chem Soc,Journal of the American Chemical Society,253
The Astrophysical Journal,The Astrophysical Journal Supplement Series,253
Genes  Development,The EMBO Journal,253
Immunity,Journal of Biological Chemistry,252
Genomics,PLoS ONE,252
Genes Dev,Science,252
BioScience,Science,252
Genomics,Nucleic Acids Research,252
Acta Palaeontologica Polonica,Nature,251
EMBO Reports,Nature,251
American Journal of Human Genetics,Cell,250
Annual Review of Biochemistry,Journal of Biological Chemistry,250
Cytogenet Cell Genet,Genome Res,250
Nature,Nature Geoscience,249
Cell,Genetics,249
Journal of Biological Chemistry,Nature Biotechnology,249
BMJ,Science,249
Nature Geoscience,Science,249
Proc Natl Acad Sci U S A,Science,249
Nature,Naturwissenschaften,249
PNAS,RNA,249
Genome Biol,PNAS,249
Science,The American Naturalist,249
JAMA,PLoS ONE,248
Annals of Internal Medicine,JAMA,248
Lancet,Pediatrics,248
Genes Dev,Genome Res,248
PNAS,Physical Review Letters,248
Cretaceous Research,Journal of Vertebrate Paleontology,248
Biochemical and Biophysical Research Communications,Cancer Res,248
FEBS Letters,The Biochemical Journal,247
Nature,The American Naturalist,247
EMBO Reports,PNAS,247
American Journal of Human Genetics,Human Molecular Genetics,247
Biochimica et Biophysica Acta,The Biochemical Journal,246
J Cell Biol,Nat Genet,246
Journal of Biological Chemistry,Nature Medicine,246
Nature Reviews Molecular Cell Biology,Science,245
Journal of Vertebrate Paleontology,PeerJ,245
Journal of Cell Science,The Journal of Cell Biology,245
Genomics,Human Molecular Genetics,245
BMC Genomics,Nature,244
Geophysical Research Letters,Journal of Geophysical Research,243
Journal of Paleontology,Nature,243
PLoS ONE,The Cochrane Database of Systematic Reviews,243
FEBS Letters,Molecular and Cellular Biology,243
Nature,PLoS Biology,243
Nature Neuroscience,Neuron,243
Cancer Res,Cell,243
British Medical Journal,Lancet,242
Oncogene,PLoS ONE,242
Gene,Nucleic Acids Research,242
Genome Biology,Science,242
Biochemical and Biophysical Research Communications,Nucleic Acids Res,242
Nature,New Scientist,242
Biochemistry,Biochim Biophys Acta,242
Biochemical and Biophysical Research Communications,J Cell Biol,242
Annual Review of Biochemistry,Nature,242
FEBS Lett,Science,242
Nature,Palaeogeography Palaeoclimatology Palaeoecology,242
Journal of Biological Chemistry,The Journal of Experimental Medicine,242
Animal Behaviour,Science,241
Genome Research,Molecular and Cellular Biology,240
PLoS ONE,Palaeontology,240
Circulation,Journal of Biological Chemistry,240
Journal of Biological Chemistry,Lancet,240
Cell,Molecular Biology of the Cell,239
Annual Review of Biochemistry,PNAS,239
Eur J Biochem,Nature,239
Nature Reviews Neuroscience,Science,238
Nature,Zoological Journal of the Linnean Society,238
Experimental Cell Research,Journal of Biological Chemistry,237
Immunity,Nature,237
Journal of Theoretical Biology,Nature,237
Science,The Journal of Clinical Investigation,237
Oncogene,The EMBO Journal,237
Botanical Journal of the Linnean Society,Phytotaxa,237
J Cell Biol,Science,237
Cell,Nature Medicine,236
Physical Review A,Physical Review Letters,236
New England Journal of Medicine,Science,236
Mol Syst Biol,Nature,236
Biochemical and Biophysical Research Communications,Nucleic Acids Research,236
Biochemistry,FEBS Lett,235
PNAS,The Journal of Experimental Medicine,235
JAMA,New England Journal of Medicine,235
Mol Cell Proteomics,PNAS,235
Cell,Nature Biotechnology,235
FEBS Letters,PLoS ONE,235
Nature Genetics,Nucleic Acids Research,234
PLoS Biology,Science,234
Gene,Molecular and Cellular Biology,234
EMBO J,Genes Dev,233
Entertainment Weekly,Spin,233
Am J Hum Genet,Genomics,233
Nature,PeerJ,233
Biochim Biophys Acta,The Biochemical Journal,232
Biochim Biophys Acta,Nat Genet,232
Nature,Physics Today,231
Cellular and Molecular Life Sciences,PNAS,231
Nature,Trends in Genetics,231
Eur J Biochem,Genome Res,231
Neurology,PNAS,231
Circulation Research,Journal of Biological Chemistry,231
Journal of Biological Chemistry,Journal of the American Chemical Society,230
EMBO J,J Cell Biol,230
Astronomy and Astrophysics,Publications of the Astronomical Society of the Pacific,230
Anal Biochem,PNAS,230
Mol Cell,Science,230
PLoS ONE,The EMBO Journal,230
Nature Reviews Molecular Cell Biology,PNAS,230
Journal of Cell Science,Science,230
J Cell Biol,Mol Cell Biol,230
Current Biology,Scientific Reports,230
Nature,New England Journal of Medicine,230
NME,Q,230
Angewandte Chemie International Edition,Science,230
Journal of Immunology,Science,229
Curr Biol,Science,229
Journal of Bacteriology,Nature,229
J Exp Med,PNAS,229
DNA Research,Journal of Biological Chemistry,229
Int J Cancer,PNAS,229
Molecular Phylogenetics and Evolution,Science,228
Entertainment Weekly,NME,228
Cell,Scientific Reports,228
Science,Trends in Ecology  Evolution,227
Biochimica et Biophysica Acta,PLoS ONE,227
Monthly Notices of the Royal Astronomical Society,Science,227
Nature,Trends in Ecology  Evolution,227
Nat Cell Biol,Nature,227
Journal of Biological Chemistry,Virology,227
Anal Biochem,Genome Res,226
Genes  Development,Molecular Cell,226
Cytogenetics and Cell Genetics,Journal of Biological Chemistry,226
ZooKeys,Zootaxa,226
Astronomy and Astrophysics,The Astrophysical Journal Supplement Series,226
PNAS,Trends in Biochemical Sciences,226
Annals of Internal Medicine,BMJ,225
Billboard,Spin,225
Journal of Paleontology,PLoS ONE,225
Molecular and Cellular Biology,Nature Genetics,225
Molecular Phylogenetics and Evolution,Zootaxa,225
Cell,Mol Biol Cell,225
Nature Reviews Neuroscience,PNAS,225
Molecular Phylogenetics and Evolution,Nature,225
Cancer Research,PLoS ONE,224
Journal of Biological Chemistry,The New England Journal of Medicine,224
PLoS Biology,PNAS,224
Circulation,Lancet,224
Publications of the Astronomical Society of the Pacific,The Astronomical Journal,223
Cytogenet Cell Genet,Nature,223
Gene,The EMBO Journal,223
Nature,Nature Structural  Molecular Biology,223
Palaeogeography Palaeoclimatology Palaeoecology,Science,222
Genomics,J Cell Biol,222
Proceedings of the Royal Society B,Science,222
Biochimica et Biophysica Acta,Genomics,222
Neuroscience,PNAS,221
Cell,Journal of Virology,221
Biochemical and Biophysical Research Communications,Cancer Research,221
Cancer Research,Molecular and Cellular Biology,221
Blood,PLoS ONE,221
Entertainment Weekly,Q,220
Journal of Human Evolution,Nature,220
Monthly Notices of the Royal Astronomical Society,The Astrophysical Journal Supplement Series,220
Journal of Molecular Biology,PLoS ONE,220
Cancer Res,Genomics,219
Ecology,Science,219
Journal of Molecular Biology,The EMBO Journal,219
Cellular and Molecular Life Sciences,Journal of Biological Chemistry,218
PLoS ONE,The Journal of Neuroscience,218
Monthly Notices of the Royal Astronomical Society,Publications of the Astronomical Society of the Pacific,218
Nature Cell Biology,Science,218
PLoS ONE,Palaeogeography Palaeoclimatology Palaeoecology,218
Nature,The Journal of Experimental Medicine,218
Journal of Biological Chemistry,Trends in Biochemical Sciences,218
J Mol Biol,Science,218
EMBO Rep,Nucleic Acids Res,218
Acta Palaeontologica Polonica,Palaeontology,218
Mol Cell Biol,The Biochemical Journal,217
Animal Behaviour,PLoS ONE,217
Journal of Systematic Palaeontology,PLoS ONE,217
Nature,Trends in Biochemical Sciences,216
Applied and Environmental Microbiology,PNAS,216
PNAS,Trends in Ecology  Evolution,215
Blood,Gene,215
Neuron,PLoS ONE,215
Cochrane Database of Systematic Reviews,Lancet,215
PNAS,Trends in Genetics,215
Genome Res,Nat Cell Biol,215
Cell,Proc Natl Acad Sci U S A,214
Cell Cycle,PNAS,214
Cell,The Journal of Clinical Investigation,214
BioScience,Nature,214
Biochim Biophys Acta,Science,213
Cell,Hum Mol Genet,213
FASEB J,Journal of Biological Chemistry,213
Biochemical and Biophysical Research Communications,Human Molecular Genetics,213
J Cell Biol,J Cell Sci,213
PNAS,The American Naturalist,212
Cell Cycle,Journal of Biological Chemistry,212
FEBS Letters,Gene,212
Biochimica et Biophysica Acta,Journal of Molecular Biology,211
Human Mutation,Journal of Biological Chemistry,211
FEBS Letters,Nucleic Acids Research,211
PNAS,Science Advances,211
American Journal of Physical Anthropology,Nature,211
Biochemistry,Nucleic Acids Research,211
Cancer Res,Mol Cell Biol,211
Journal of Immunology,The Journal of Experimental Medicine,210
Annual Review of Biochemistry,Science,210
Astronomy Letters,Monthly Notices of the Royal Astronomical Society,210
Mol Biol Cell,Nat Genet,210
Circulation,Nature,210
American Family Physician,The Cochrane Database of Systematic Reviews,210
Diabetes,Journal of Biological Chemistry,210
Nature,Neurology,209
Cell,Journal of Immunology,209
FASEB J,PNAS,209
Biochemical and Biophysical Research Communications,The Journal of Cell Biology,209
Chemical Reviews,Science,209
Annals of Internal Medicine,The Cochrane Database of Systematic Reviews,208
Molecular Ecology,Science,208
PLOS Genetics,PNAS,208
Genome Research,The EMBO Journal,208
Nature,RNA,208
Nature Structural  Molecular Biology,PNAS,208
Biochemistry,The EMBO Journal,208
Cell,J Cell Sci,208
Naturwissenschaften,PLoS ONE,207
JAMA,N Engl J Med,207
Biochim Biophys Acta,Cell,207
Genome Biology,Journal of Biological Chemistry,207
NME,Spin,207
Journal of Bacteriology,Science,207
EMBO Reports,Science,207
Nature,Virology,206
Blood,Journal of Immunology,206
Biochemical and Biophysical Research Communications,Journal of Immunology,206
Astronomy and Astrophysics,VizieR Online Data Catalog Bgcvs  Originally Published in 2009yCat102025S,206
The New York Times,Variety,206
Nature,Physical Review,206
Blood,Genome Res,206
Molecular Ecology,PNAS,205
JAMA,PNAS,205
Bioinformatics,PNAS,205
Journal of Personality and Social Psychology,Psychological Science,205
EMBO J,The Biochemical Journal,205
FEBS Letters,Journal of Molecular Biology,205
American Journal of Human Genetics,Genomics,205
Cell,Genome Biol,205
New Scientist,Science,205
The Astronomical Journal,The Astrophysical Journal Supplement Series,205
Cell,The Journal of Neuroscience,205
Genome Res,J Immunol,204
Hum Genet,Nature,204
Nature Reviews Microbiology,PNAS,204
PeerJ,Science,204
DNA Res,Genomics,204
Astrophysical Journal,Nature,204
Ecology,Nature,204
Nature,Physical Review B,204
PLoS ONE,The Biochemical Journal,204
Chemical Reviews,Nature,204
Journal of Personality and Social Psychology,Personality and Social Psychology Bulletin,203
FASEB Journal,PNAS,203
Journal of the American Chemical Society,The Journal of Organic Chemistry,203
J Neurosci,Science,203
Genes Dev,Genomics,203
EMBO Reports,Journal of Biological Chemistry,202
Science,Trends in Genetics,202
Journal of Experimental Biology,Nature,202
Palaeontology,Science,202
Journal of Biological Chemistry,Journal of Neurochemistry,202
J Virol,Nature,202
Nature Genetics,The EMBO Journal,202
Nature,PLOS Genetics,202
American Journal of Human Genetics,Human Genetics,202
International Journal of Cancer,Journal of Biological Chemistry,202
Eur J Biochem,Genomics,201
Nat Genet,Proc Natl Acad Sci U S A,201
Nature,Philosophical Transactions of the Royal Society B Biological Sciences,201
Astronomy  Astrophysics,Astronomy Letters,201
Cellular and Molecular Life Sciences,Nature,201
Molecular Cell,Nucleic Acids Research,201
Mamm Genome,PNAS,201
Astronomy  Astrophysics,Astrophysical Journal,201
Human Mutation,PNAS,200
Journal of Personality and Social Psychology,Psychological Review,200
American Journal of Physical Anthropology,PLoS ONE,200
FEBS Letters,Genome Research,200
